<?xml version="1.0" encoding="UTF-8"?>
<item guid="76CC39C58C3F409A96AC37A37F031398" type="Z" wlbh="26AM-02003040-B7" gysdm="YC075" sl="200" mzM="57" mzJ="54" gc="1108" kw="PM07" dw="PC" ddbh="800123456AS" xtwccL="" xtwccW="" xtwccH="" scpc="2017" ccrq="20160508" scrq="20150108" cpmc="" sccqc="" sccxh="" gysmc="" sccdz="" scddbh="" scxh="" xsddbh=""/>
<item guid="76CC39C58C3F409A96AC37A37F031392" type="Y" wlbh="26AM-02003040-B1" gysdm="YC075" sl="100" mzM="51" mzJ="48" gc="1102" kw="PM01" dw="MM" ddbh="200123456AS" xtwccL="" xtwccW="" xtwccH="" scpc="2011" ccrq="20160502" scrq="20150102" cpmc="" sccqc="" sccxh="" gysmc="" sccdz="" scddbh="" scxh="" xsddbh=""/>
<item guid="76CC39C58C3F409A96AC37A37F031393" type="Z" wlbh="26AM-02003040-B2" gysdm="YC075" sl="200" mzM="52" mzJ="49" gc="1103" kw="PM02" dw="ST" ddbh="300123456AS" xtwccL="" xtwccW="" xtwccH="" scpc="2012" ccrq="20160503" scrq="20150103" cpmc="" sccqc="" sccxh="" gysmc="" sccdz="" scddbh="" scxh="" xsddbh=""/>
<item guid="76CC39C58C3F409A96AC37A37F031394" type="Y" wlbh="26AM-02003040-B3" gysdm="YC075" sl="500" mzM="53" mzJ="50" gc="1104" kw="PM03" dw="G" ddbh="400123456AS" xtwccL="" xtwccW="" xtwccH="" scpc="2013" ccrq="20160504" scrq="20150104" cpmc="" sccqc="" sccxh="" gysmc="" sccdz="" scddbh="" scxh="" xsddbh=""/>
<item guid="76CC39C58C3F409A96AC37A37F031395" type="Z" wlbh="26AM-02003040-B4" gysdm="YC075" sl="300" mzM="54" mzJ="51" gc="1105" kw="PM04" dw="MM" ddbh="500123456AS" xtwccL="" xtwccW="" xtwccH="" scpc="2014" ccrq="20160505" scrq="20150105" cpmc="" sccqc="" sccxh="" gysmc="" sccdz="" scddbh="" scxh="" xsddbh=""/>
<item guid="76CC39C58C3F409A96AC37A37F031396" type="Y" wlbh="26AM-02003040-B5" gysdm="YC075" sl="200" mzM="55" mzJ="52" gc="1106" kw="PM05" dw="KG" ddbh="600123456AS" xtwccL="" xtwccW="" xtwccH="" scpc="2015" ccrq="20160506" scrq="20150106" cpmc="" sccqc="" sccxh="" gysmc="" sccdz="" scddbh="" scxh="" xsddbh=""/>
<item guid="76CC39C58C3F409A96AC37A37F031397" type="Z" wlbh="26AM-02003040-B6" gysdm="YC075" sl="200" mzM="56" mzJ="53" gc="1107" kw="PM06" dw="MM" ddbh="700123456AS" xtwccL="" xtwccW="" xtwccH="" scpc="2016" ccrq="20160507" scrq="20150107" cpmc="" sccqc="" sccxh="" gysmc="" sccdz="" scddbh="" scxh="" xsddbh=""/>
<item guid="0D15692C391C447ABB13FE6911300810" type="Y" wlbh="" gysdm="" sl="" mzM="" mzJ="" gc="" kw="" dw="PC" ddbh="" xtwccL="" xtwccW="" xtwccH="" scpc="" ccrq="" scrq="" cpmc="" sccqc="" sccxh="" gysmc="" sccdz="" scddbh="" scxh="" xsddbh=""/>
<item guid="FD112D5C11D54A4CA10585D3E2DE0ABD" type="Y" wlbh="" gysdm="" sl="" mzM="" mzJ="" gc="" kw="" dw="PC" ddbh="" xtwccL="" xtwccW="" xtwccH="" scpc="" ccrq="" scrq="" cpmc="" sccqc="" sccxh="" gysmc="" sccdz="" scddbh="" scxh="" xsddbh=""/>
<item guid="9417FB970A644CEB88779B87AD62E876" type="Y" wlbh="sad" gysdm="abd" sl="" mzM="" mzJ="" gc="" kw="" dw="PC" ddbh="" xtwccL="" xtwccW="" xtwccH="" scpc="" ccrq="" scrq="" cpmc="" sccqc="" sccxh="" gysmc="" sccdz="" scddbh="" scxh="" xsddbh=""/>
